Date,City,Country,Latitude,Longitude,Max Temp (f),Humidity (%),Cloud Cover (%),Wind Speed (mph)
11/16/21,Provideniya,RU,64.3833,-173.3,21.31,68,75,13.42
11/16/21,Cape Town,ZA,-33.9258,18.4232,68.11,71,20,5.75
11/16/21,Ushuaia,AR,-54.8,-68.3,44.26,61,20,0.0
11/16/21,Albany,US,42.6001,-73.9662,36.09,78,21,1.01
11/16/21,São João da Barra,BR,-21.6403,-41.0511,68.27,86,36,8.57
11/16/21,Mahébourg,MU,-20.4081,57.7,82.26,69,75,11.5
11/16/21,Tuktoyaktuk,CA,69.4541,-133.0374,-11.2,84,20,5.75
11/16/21,Jamestown,US,42.097,-79.2353,35.51,97,90,7.0
11/16/21,Bubaque,GW,11.2833,-15.8333,82.11,73,19,9.37
11/16/21,Abhā,SA,18.2164,42.5053,61.05,48,0,0.0
11/16/21,Penha,BR,-26.7694,-48.6458,68.72,92,99,6.64
11/16/21,Acapulco de Juárez,MX,16.8634,-99.8901,75.38,74,21,4.41
11/16/21,Khatanga,RU,71.9667,102.5,-27.47,100,90,2.01
11/16/21,Westport,US,41.1415,-73.3579,42.62,68,1,1.01
11/16/21,Charlottesville,US,38.0293,-78.4767,38.28,80,56,1.01
11/16/21,Mataura,NZ,-46.1927,168.8643,51.67,71,100,10.04
11/16/21,Sassandra,CI,4.95,-6.0833,76.01,88,62,2.95
11/16/21,Florø,NO,61.5996,5.0328,49.96,87,75,18.41
11/16/21,Inuvik,CA,68.3499,-133.7218,0.46,85,90,0.0
11/16/21,Kapaa,US,22.0752,-159.319,75.18,82,75,3.44
11/16/21,Kedrovyy,RU,56.1667,91.8167,23.41,91,100,8.75
11/16/21,Tautira,PF,-17.7333,-149.15,80.62,81,55,13.85
11/16/21,Sobolevo,RU,54.4299,31.8996,24.71,91,56,7.43
11/16/21,Hobart,AU,-42.8794,147.3294,59.05,55,75,3.0
11/16/21,Lebu,CL,-37.6167,-73.65,48.52,83,0,18.25
11/16/21,Norman Wells,CA,65.282,-126.8329,-2.16,78,75,6.91
11/16/21,Ponta do Sol,PT,32.6667,-17.1,66.83,65,97,4.68
11/16/21,Gaoual,GN,11.75,-13.2,71.44,68,6,0.83
11/16/21,Coquimbo,CL,-29.9533,-71.3436,55.13,87,0,2.3
11/16/21,Rikitea,PF,-23.1203,-134.9692,74.08,84,99,14.0
11/16/21,Ancud,CL,-41.8697,-73.8203,40.42,81,2,5.1
11/16/21,Tchaourou,BJ,8.8865,2.5975,73.74,80,77,3.8
11/16/21,Hilo,US,19.7297,-155.09,75.79,90,20,0.0
11/16/21,Yumen,CN,40.2833,97.2,38.34,24,100,21.72
11/16/21,Bethel,US,41.3712,-73.414,40.57,72,1,1.01
11/16/21,Busselton,AU,-33.65,115.3333,74.28,56,1,11.41
11/16/21,Hermanus,ZA,-34.4187,19.2345,65.89,72,100,3.94
11/16/21,Kaitangata,NZ,-46.2817,169.8464,55.99,51,95,13.53
11/16/21,Bay Roberts,CA,47.5999,-53.2648,46.06,91,100,7.0
11/16/21,Torbay,CA,47.6666,-52.7314,45.28,95,90,32.21
11/16/21,Gorontalo,ID,0.5412,123.0595,85.17,69,100,3.91
11/16/21,Bambous Virieux,MU,-20.3428,57.7575,82.22,69,75,11.5
11/16/21,Atuona,PF,-9.8,-139.0333,78.51,73,23,14.65
11/16/21,Avarua,CK,-21.2078,-159.775,73.45,88,75,6.91
11/16/21,Bluff,NZ,-46.6,168.3333,51.78,73,100,30.56
11/16/21,Eilat,IL,29.5581,34.9482,62.44,63,20,0.0
11/16/21,Puerto Ayora,EC,-0.7393,-90.3518,68.52,79,49,8.7
11/16/21,Carnarvon,AU,-24.8667,113.6333,75.27,57,10,17.27
11/16/21,Edd,ER,13.9297,41.6925,88.88,33,42,11.65
11/16/21,Dingle,PH,10.9995,122.6711,83.97,79,98,10.92
11/16/21,Murray Bridge,AU,-35.1167,139.2667,69.31,45,98,12.1
11/16/21,Gambiran,ID,-6.7988,111.4951,81.7,74,100,3.18
11/16/21,San Jerónimo,PE,-11.9472,-75.2829,49.14,90,100,1.97
11/16/21,Punta Arenas,CL,-53.15,-70.9167,46.51,53,75,18.41
11/16/21,Castro,BR,-24.7911,-50.0119,57.15,94,69,4.09
11/16/21,Kavieng,PG,-2.5744,150.7967,84.13,70,100,8.14
11/16/21,Portland,US,45.5234,-122.6762,45.28,90,84,1.01
11/16/21,Monterrey,MX,25.6667,-100.3167,67.57,73,0,2.06
11/16/21,Hong Kong,HK,22.2855,114.1577,80.96,66,94,1.01
11/16/21,Paliseul,BE,49.904,5.1354,40.12,81,100,1.07
11/16/21,Port Alfred,ZA,-33.5906,26.891,69.51,68,82,19.62
11/16/21,Chumikan,RU,54.7183,135.315,16.14,71,21,20.8
11/16/21,Beira,MZ,-19.8436,34.8389,80.69,78,40,10.0
11/16/21,Cabo San Lucas,MX,22.8909,-109.9124,78.51,70,100,0.78
11/16/21,Xingcheng,CN,40.6167,120.7167,47.1,58,0,7.4
11/16/21,Chara,RU,56.9064,118.2631,16.3,88,66,0.51
11/16/21,Qaanaaq,GL,77.484,-69.3632,1.65,87,100,9.28
11/16/21,Hukuntsi,BW,-24.0,21.75,83.91,21,55,7.2
11/16/21,Laguna,US,38.421,-121.4238,59.02,93,90,4.61
11/16/21,Port Elizabeth,ZA,-33.918,25.5701,71.1,70,92,18.39
11/16/21,Vaini,TO,-21.2,-175.2,78.96,83,20,9.22
11/16/21,Lydenburg,ZA,-25.0978,30.4597,77.61,48,6,4.21
11/16/21,Butaritari,KI,3.0707,172.7902,83.14,69,91,16.15
11/16/21,Hithadhoo,MV,-0.6,73.0833,82.85,71,56,15.9
11/16/21,Dikson,RU,73.5069,80.5464,-13.41,97,48,6.44
11/16/21,New Norfolk,AU,-42.7826,147.0587,58.71,56,98,5.01
11/16/21,Gornopravdinsk,RU,60.05,69.9,15.66,89,100,9.89
11/16/21,Tirumullaivāsal,IN,11.2333,79.8333,83.84,74,85,5.17
11/16/21,Bredasdorp,ZA,-34.5322,20.0403,63.28,64,100,6.22
11/16/21,Cilegon,ID,-6.0174,106.0538,93.09,66,88,13.27
11/16/21,Kalmunai,LK,7.4167,81.8167,85.17,68,90,4.45
11/16/21,Clyde River,CA,70.4692,-68.5914,1.08,83,94,4.05
11/16/21,Bereda,ES,43.2686,-7.5406,44.35,99,81,3.29
11/16/21,Bullhead City,US,35.1478,-114.5683,71.02,27,39,1.99
11/16/21,Rabat,MA,33.9911,-6.8401,53.67,98,40,0.0
11/16/21,Morón,AR,-34.6534,-58.6198,73.15,95,53,11.34
11/16/21,Qaqortoq,GL,60.7167,-46.0333,10.9,69,0,4.88
11/16/21,Knysna,ZA,-34.0363,23.0471,62.98,85,100,7.31
11/16/21,Meulaboh,ID,4.1363,96.1285,84.11,68,97,6.17
11/16/21,Siilinjärvi,FI,63.0833,27.6667,39.22,87,90,11.5
11/16/21,Alyangula,AU,-13.8483,136.4192,91.27,29,100,12.66
11/16/21,Banjar,ID,-8.19,114.9675,85.86,81,100,3.22
11/16/21,Ampanihy,MG,-24.7,44.75,83.12,47,27,5.35
11/16/21,Souillac,MU,-20.5167,57.5167,82.36,69,75,11.5
11/16/21,Bengkulu,ID,-3.8004,102.2655,83.91,64,100,4.61
11/16/21,Palana,RU,59.1167,159.9667,30.69,73,100,17.9
11/16/21,Ribeira Grande,PT,38.5167,-28.7,67.68,83,8,13.38
11/16/21,Kilindoni,TZ,-7.9139,39.6668,81.63,67,8,8.63
11/16/21,Lüderitz,NA,-26.6481,15.1594,69.64,53,8,17.69
11/16/21,Nikolskoye,RU,59.7035,30.7861,36.88,84,64,12.3
11/16/21,Cherskiy,RU,68.75,161.3,22.64,80,100,9.31
11/16/21,Ribeira Brava,PT,32.65,-17.0667,66.83,66,97,4.79
11/16/21,Te Anau,NZ,-45.4167,167.7167,44.47,94,94,7.02
11/16/21,Arraial do Cabo,BR,-22.9661,-42.0278,71.46,73,0,12.66
11/16/21,Santa Isabel Rio Negro,BR,-0.4139,-65.0192,75.18,90,97,2.13
11/16/21,Mar del Plata,AR,-38.0023,-57.5575,59.02,93,90,11.99
11/16/21,Mana,GF,5.6592,-53.7767,76.69,89,55,8.12
11/16/21,Bonthe,SL,7.5264,-12.505,78.53,81,42,2.62
11/16/21,Isangel,VU,-19.55,169.2667,80.71,78,75,5.75
11/16/21,Upernavik,GL,72.7868,-56.1549,1.76,64,67,6.58
11/16/21,Tiksi,RU,71.6872,128.8694,-5.57,89,100,4.65
11/16/21,Rafaela,AR,-31.2503,-61.4867,72.99,56,50,1.99
11/16/21,San Cristobal,VE,7.7669,-72.225,69.98,79,91,1.28
11/16/21,Loandjili,CG,-4.7561,11.8578,80.22,83,100,6.58
11/16/21,Port Blair,IN,11.6667,92.75,83.98,75,72,11.18
11/16/21,George Town,MY,5.4112,100.3354,89.53,79,20,8.01
11/16/21,Leh,IN,34.1667,77.5833,21.83,45,0,2.64
11/16/21,Sidi Ali,DZ,36.0998,0.4206,54.09,77,29,3.87
11/16/21,Kahului,US,20.8947,-156.47,78.84,86,40,6.91
11/16/21,Millinocket,US,45.6573,-68.7098,37.42,87,90,5.75
11/16/21,Puerto Castilla,HN,16.0167,-85.9667,75.11,77,46,5.84
11/16/21,Uray,RU,60.1247,64.7758,16.45,86,56,11.81
11/16/21,Chokurdakh,RU,70.6333,147.9167,9.54,96,100,4.21
11/16/21,Barrow,US,71.2906,-156.7887,3.22,72,90,16.11
11/16/21,Kholodnyy,RU,62.7167,147.95,-11.34,100,57,5.01
11/16/21,Chui,UY,-33.6971,-53.4616,64.31,95,25,8.46
11/16/21,Estelle,US,29.8458,-90.1067,61.0,84,0,5.06
11/16/21,‘Āhuimanu,US,21.4447,-157.8378,76.75,76,75,4.61
11/16/21,Yellowknife,CA,62.456,-114.3525,13.41,95,40,4.61
11/16/21,East London,ZA,-33.0153,27.9116,69.64,64,95,17.65
11/16/21,Henties Bay,NA,-22.116,14.2845,60.85,82,73,1.57
11/16/21,Salalah,OM,17.0151,54.0924,84.29,23,0,12.66
11/16/21,Ishigaki,JP,24.3448,124.1572,78.93,65,40,11.5
11/16/21,Olafsvik,IS,64.8945,-23.7142,41.45,68,100,17.13
11/16/21,Tasiilaq,GL,65.6145,-37.6368,26.76,62,75,11.48
11/16/21,Bud,US,39.447,-86.1758,38.21,91,73,6.24
11/16/21,Teknāf,BD,20.8624,92.3058,85.1,64,21,6.15
11/16/21,Puerto El Triunfo,SV,13.2833,-88.55,80.76,85,94,5.06
11/16/21,Husavik,IS,66.0449,-17.3389,35.51,76,16,13.91
11/16/21,San Patricio,US,28.017,-97.5169,73.83,77,0,11.86
11/16/21,Leningradskiy,RU,69.3833,178.4167,3.65,98,99,8.03
11/16/21,Gulu,UG,2.7746,32.299,76.41,54,83,2.01
11/16/21,Mossamedes,AO,-15.1961,12.1522,74.75,74,88,7.29
11/16/21,Iqaluit,CA,63.7506,-68.5145,-4.27,77,20,13.8
11/16/21,Chipata,ZM,-13.6333,32.65,76.37,48,97,12.17
11/16/21,Longyearbyen,SJ,78.2186,15.6401,19.24,63,20,23.02
11/16/21,Ürümqi,CN,43.801,87.6005,25.75,100,90,2.24
11/16/21,Youkounkoun,GN,12.5333,-13.1333,72.28,55,10,3.11
11/16/21,Klaksvík,FO,62.2266,-6.589,49.12,95,100,32.19
11/16/21,Khandyga,RU,62.6667,135.6,-7.2,96,100,0.54
11/16/21,Narsaq,GL,60.9167,-46.05,10.62,72,0,6.4
11/16/21,Champerico,GT,14.3,-91.9167,82.04,79,28,3.85
11/16/21,Kaeo,NZ,-35.1,173.7833,72.32,68,57,8.52
11/16/21,Novobirilyussy,RU,56.9514,90.6661,15.19,82,100,7.65
11/16/21,Mogzon,RU,51.7435,111.9606,31.82,44,100,2.66
11/16/21,Port-Gentil,GA,-0.7193,8.7815,78.76,89,90,11.5
11/16/21,Inhambane,MZ,-23.865,35.3833,80.58,78,75,11.99
11/16/21,Hīt,IQ,33.6416,42.8251,70.38,36,98,6.26
11/16/21,La Libertad,EC,-2.2333,-80.9,67.95,83,100,10.6
11/16/21,Soc Trang,VN,9.6033,105.98,76.96,91,100,8.79
11/16/21,Pisco,PE,-13.7,-76.2167,62.65,88,20,9.22
11/16/21,Galle,LK,6.0367,80.217,81.36,82,100,15.39
11/16/21,Saint George,US,37.1041,-113.5841,65.35,42,1,3.44
11/16/21,Borba,BR,-4.3878,-59.5939,73.13,98,96,2.46
11/16/21,Lagoa,PT,39.05,-27.9833,65.68,84,0,17.38
11/16/21,Hervey Bay,AU,-25.2986,152.8535,84.31,66,2,15.26
11/16/21,Guerrero Negro,MX,27.9769,-114.0611,68.34,64,0,9.37
11/16/21,Kiryat Gat,IL,31.61,34.7642,69.4,52,1,2.86
11/16/21,Sterling,US,39.0062,-77.4286,40.14,69,75,3.0
11/16/21,Naze,JP,28.3667,129.4833,70.72,59,18,10.11
11/16/21,Bilma,NE,18.6853,12.9164,73.96,20,59,6.29
11/16/21,Kamenka,RU,51.3223,42.7678,25.59,75,21,4.09
11/16/21,Vila Franca do Campo,PT,37.7167,-25.4333,65.19,81,72,10.83
11/16/21,Vostok,RU,46.4856,135.8833,24.01,82,97,10.58
11/16/21,Wazirabad,PK,32.4458,74.1159,62.58,21,1,2.17
11/16/21,Orizona,BR,-17.0314,-48.2958,65.37,88,99,9.48
11/16/21,Tekeli,KZ,44.83,78.8239,37.29,73,100,4.36
11/16/21,Amga,RU,60.8953,131.9608,-3.17,99,94,0.98
11/16/21,Touros,BR,-5.1989,-35.4608,79.7,77,6,13.06
11/16/21,Diamantino,BR,-14.4086,-56.4461,72.39,98,100,3.94
11/16/21,Macalelon,PH,13.7469,122.1386,83.43,80,87,9.4
11/16/21,Lamesa,US,32.7376,-101.951,56.08,19,18,10.56
11/16/21,Arlit,NE,18.7369,7.3853,73.22,23,25,10.45
11/16/21,Flinders,AU,-34.5833,150.8552,66.79,54,10,10.83
11/16/21,Giruá,BR,-28.0283,-54.3497,75.69,72,89,5.57
11/16/21,Lodja,CD,-3.4833,23.4333,71.31,96,100,1.45
11/16/21,Baringo,KE,0.4667,35.9667,78.24,46,76,3.33
11/16/21,Aswān,EG,24.0934,32.907,69.1,56,0,6.91
11/16/21,Bouaké,CI,7.6895,-5.0218,74.62,80,81,3.91
11/16/21,Sarany,RU,58.5,58.8833,14.13,90,100,12.48
11/16/21,Road Town,VG,18.4167,-64.6167,80.01,68,8,20.07
11/16/21,Najrān,SA,17.4924,44.1277,65.05,26,0,2.71
11/16/21,Dhidhdhoo,MV,6.8833,73.1,81.16,80,79,17.65
11/16/21,Luanda,AO,-8.8368,13.2343,77.0,88,75,5.75
11/16/21,Rumoi,JP,43.9344,141.6428,40.06,63,99,18.86
11/16/21,Minudasht,IR,37.2289,55.3747,51.37,82,90,4.61
11/16/21,Cayenne,GF,4.9333,-52.3333,75.09,90,75,3.44
11/16/21,Zofingen,CH,47.2878,7.9459,45.72,97,100,0.6
11/16/21,Kangaatsiaq,GL,68.3065,-53.4641,18.79,84,99,2.86
11/16/21,Norden,DE,53.6,7.2,41.94,91,100,5.75
11/16/21,Poum,NC,-20.2333,164.0167,80.58,74,60,9.1
11/16/21,Chapais,CA,49.7834,-74.8492,24.58,88,100,10.42
11/16/21,Namatanai,PG,-3.6667,152.4333,82.74,74,100,6.44
11/16/21,Luangwa,ZM,-15.6167,30.4167,84.96,46,0,7.78
11/16/21,Alvin,US,29.4238,-95.2441,69.03,91,1,3.44
11/16/21,Yatou,CN,37.15,122.3833,54.75,50,6,5.01
11/16/21,Severo-Kuril'sk,RU,50.6789,156.125,35.15,62,75,23.67
11/16/21,Playas,EC,-2.6333,-80.3833,69.04,82,98,10.47
11/16/21,Deputatsky,RU,69.3,139.9,-1.01,97,100,3.24
11/16/21,Fortuna,US,40.5982,-124.1573,54.48,75,90,5.01
11/16/21,Young,UY,-32.6833,-57.6333,75.22,80,58,4.47
11/16/21,Saskylakh,RU,71.9167,114.0833,-28.32,100,70,3.74
11/16/21,Kruisfontein,ZA,-34.0033,24.7314,68.88,75,99,17.36
11/16/21,Gogrial,SS,8.5332,28.1004,83.44,28,33,0.92
11/16/21,Korba,IN,22.35,82.6833,83.52,51,12,4.16
11/16/21,Tegul'det,RU,57.3064,88.1667,10.69,72,82,4.61
11/16/21,Tuatapere,NZ,-46.1333,167.6833,50.72,73,100,11.1
11/16/21,Qixingtai,CN,30.4135,111.8874,69.75,35,68,10.38
11/16/21,Avenal,US,36.0041,-120.129,58.53,56,100,4.36
11/16/21,Kyshtovka,RU,56.555,76.6271,11.48,85,85,10.51
11/16/21,Thompson,CA,55.7435,-97.8558,26.76,93,90,3.44
11/16/21,Kargil,IN,34.5667,76.1,22.1,39,0,2.48
11/16/21,Lages,BR,-27.8161,-50.3261,57.9,93,91,5.14
11/16/21,Muyinga Province,BI,-2.8333,30.3333,67.33,75,82,1.74
11/16/21,Neftçala,AZ,39.3742,49.2472,46.53,62,100,41.67
11/16/21,Katsuura,JP,35.1333,140.3,64.44,76,54,16.71
11/16/21,São Filipe,CV,14.8961,-24.4956,76.08,77,97,5.3
11/16/21,Shelburne,CA,44.0787,-80.2041,33.76,98,50,7.56
11/16/21,Soroti,UG,1.7146,33.6111,77.86,46,86,5.91
11/16/21,Chimoré,BO,-16.9833,-65.1333,72.09,92,100,0.49
11/16/21,Talara,PE,-4.5772,-81.2719,63.61,87,40,13.85
11/16/21,Conceição do Araguaia,BR,-8.2578,-49.2647,71.82,97,79,0.78
11/16/21,Faanui,PF,-16.4833,-151.75,80.71,76,99,7.25
11/16/21,Stromness,GB,58.965,-3.296,50.25,89,100,3.0
11/16/21,Duluth,US,46.7833,-92.1066,30.29,86,90,1.01
11/16/21,Esperance,AU,-33.8667,121.9,76.84,70,85,12.97
11/16/21,Saint-Philippe,RE,-21.3585,55.7679,83.75,70,56,10.94
11/16/21,Angoche,MZ,-16.2325,39.9086,85.01,66,79,3.85
11/16/21,Whittlesea,ZA,-32.1759,26.8244,65.14,35,30,8.63
11/16/21,Zaranj,AF,30.9667,61.8833,58.96,29,2,6.06
11/16/21,Ishim,RU,56.1128,69.4902,13.86,89,81,9.86
11/16/21,Ahipara,NZ,-35.1667,173.1667,65.59,81,73,8.9
11/16/21,Lompoc,US,34.6391,-120.4579,55.08,97,90,0.0
11/16/21,Shebalino,RU,51.2917,85.6772,23.88,55,90,8.16
11/16/21,Port Hawkesbury,CA,45.6169,-61.3485,44.19,84,40,14.0
11/16/21,Oyama,JP,36.3,139.8,63.82,70,96,6.85
11/16/21,Half Moon Bay,US,37.4636,-122.4286,59.88,94,90,0.0
11/16/21,Camaná,PE,-16.6228,-72.7111,63.99,84,100,6.64
11/16/21,Sabang,ID,5.8933,95.3214,80.49,76,100,2.86
11/16/21,Wajir,KE,1.7471,40.0573,78.76,78,75,2.3
11/16/21,Haimen,CN,23.1935,116.6142,78.69,58,10,9.19
11/16/21,Hofn,IS,64.2539,-15.2082,39.33,74,37,26.51
11/16/21,Saldanha,ZA,-33.0117,17.9442,63.79,80,70,14.99
11/16/21,Mehamn,NO,71.0357,27.8492,41.18,70,40,17.27
11/16/21,Saint-Augustin,CA,51.226,-58.6502,36.79,97,100,21.09
11/16/21,Los Llanos de Aridane,ES,28.6585,-17.9182,62.35,73,20,7.0
11/16/21,Kletskaya,RU,49.3145,43.0584,27.75,73,40,6.98
11/16/21,Oranjestad,AW,12.524,-70.027,80.92,82,14,19.82
11/16/21,Oranjemund,NA,-28.55,16.4333,63.01,82,4,12.08
11/16/21,Samarai,PG,-10.6167,150.6667,84.67,75,82,10.69
11/16/21,Sioux Lookout,CA,50.1001,-91.917,25.18,86,90,5.75
11/16/21,Massakory,TD,12.996,15.7293,78.64,15,84,8.19
11/16/21,Lyuban',BY,52.7985,28.0048,26.04,86,11,6.42
11/16/21,Kaffrine,SN,14.1059,-15.5508,76.86,56,75,7.54
11/16/21,Trabzon Province,TR,40.9167,39.8333,51.89,67,75,9.22
11/16/21,Khor,RU,47.8861,134.9464,26.94,84,18,13.15
11/16/21,Farim,GW,12.4839,-15.2217,72.12,80,29,1.12
11/16/21,Batticaloa,LK,7.7102,81.6924,83.77,71,60,4.68
11/16/21,Usinsk,RU,65.9939,57.5281,14.27,92,100,7.45
11/16/21,San Quintín,MX,30.4833,-115.95,64.11,71,0,2.44
11/16/21,Saint-Raymond,CA,45.467,-73.6095,35.91,79,75,2.3
11/16/21,Peniche,PT,39.3558,-9.3811,56.62,61,100,6.26
11/16/21,Ipswich,GB,52.0592,1.1555,49.78,82,90,1.14
11/16/21,Cidreira,BR,-30.1811,-50.2056,67.78,88,43,18.63
11/16/21,Fethiye,TR,36.6217,29.1164,49.87,39,38,3.76
11/16/21,Uvalde,US,29.3669,-99.767,65.59,54,1,0.0
11/16/21,Dīr,PK,35.2058,71.8756,60.87,14,9,1.81
11/16/21,Kavaratti,IN,10.5669,72.642,79.9,82,100,13.04
11/16/21,Saint Paul Harbor,US,57.79,-152.4072,18.91,86,1,6.91
11/16/21,Palomares,MX,17.15,-95.0667,63.41,91,38,5.46
11/16/21,Port Lincoln,AU,-34.7333,135.8667,60.04,53,37,12.41
11/16/21,Sortland,NO,68.6949,15.4162,44.55,93,94,9.91
11/16/21,Usevya,TZ,-7.1,31.2333,77.23,53,100,7.61
11/16/21,Bridgewater,CA,44.3835,-64.5155,40.68,88,26,14.0
11/16/21,Buraidah,SA,26.326,43.975,66.65,35,5,12.64
11/16/21,Kulhudhuffushi,MV,6.6221,73.07,81.27,79,71,18.23
11/16/21,Zhigansk,RU,66.7697,123.3711,-24.09,100,91,0.51
11/16/21,Caohai,CN,26.8661,104.2841,40.21,92,100,3.83
11/16/21,Grand-Lahou,CI,5.1367,-5.0242,78.39,83,69,6.13
11/16/21,Aklavik,CA,68.2191,-135.0107,0.43,96,100,4.56
11/16/21,Debre Tabor,ET,11.85,38.0167,59.81,52,17,4.63
11/16/21,Nevşehir,TR,38.9167,34.6667,25.81,93,20,0.0
11/16/21,Verkhnevilyuysk,RU,63.4453,120.3167,3.6,96,99,4.0
11/16/21,Chul'man,RU,56.8479,124.9104,12.22,84,97,0.89
11/16/21,Shitkino,RU,56.3703,98.3543,29.3,86,98,11.59
11/16/21,Horsens,DK,55.8607,9.8503,44.76,86,98,4.72
11/16/21,Banda Aceh,ID,5.5577,95.3222,80.73,78,100,0.6
11/16/21,Chicama,PE,-7.8447,-79.1469,62.29,89,74,4.83
11/16/21,Kendari,ID,-3.945,122.4989,83.21,71,100,7.27
11/16/21,Kampong Thom,KH,12.7111,104.8887,85.6,71,80,10.45
11/16/21,Isfahan,IR,32.6572,51.6776,46.04,27,60,0.02
11/16/21,Bambanglipuro,ID,-7.95,110.2833,69.6,72,98,3.58
11/16/21,Nicoya,CR,10.1483,-85.452,76.55,92,4,1.25
11/16/21,Voskresenskoye,RU,56.8381,45.4317,24.08,87,99,13.82
11/16/21,Malakwal,PK,32.5536,73.2123,75.54,16,2,2.44
11/16/21,Camacha,PT,33.0833,-16.3333,63.36,72,20,5.75
11/16/21,Adrar,MR,20.5022,-10.0711,69.96,33,98,8.75
11/16/21,Toora-Khem,RU,52.4675,96.11,23.09,61,100,11.39
11/16/21,Praia da Vitória,PT,38.7333,-27.0667,66.45,88,20,14.09
11/16/21,Corrente,BR,-3.7367,-43.3394,72.07,97,37,3.06
11/16/21,Corcoran,US,36.098,-119.5604,56.44,59,98,5.7
11/16/21,Belmonte,BR,-15.8631,-38.8828,73.9,95,100,8.23
11/16/21,San Angelo,US,31.4638,-100.437,66.54,66,1,5.01
11/16/21,Shihezi,CN,44.3,86.0333,41.79,60,91,11.63
11/16/21,Vila Velha,BR,-20.3297,-40.2925,66.94,96,75,3.44
11/16/21,Conway,US,35.0887,-92.4421,61.7,95,75,0.0
11/16/21,Tolmachëvo,RU,54.9824,82.7363,17.42,85,75,4.47
11/16/21,Torbat-e Jām,IR,35.244,60.6225,54.27,30,99,1.57
11/16/21,Guánica,PR,17.9716,-66.908,77.32,81,27,1.01
11/16/21,Elmina,GH,5.0898,-1.348,78.57,84,44,5.97
11/16/21,Ambon City,ID,-3.6954,128.1814,87.94,70,40,9.22
11/16/21,Fostoria,US,41.157,-83.4169,34.9,88,93,1.99
11/16/21,Bathsheba,BB,13.2167,-59.5167,81.21,69,40,25.32
11/16/21,Lorengau,PG,-2.0226,147.2712,84.11,68,95,4.07
11/16/21,Northam,GB,51.0333,-4.2167,53.1,97,100,8.43
11/16/21,Laas,IT,46.6166,10.7002,39.02,81,95,1.16
11/16/21,San Jose,US,37.3394,-121.895,60.42,88,90,0.0
11/16/21,Crestview,US,30.7621,-86.5705,57.24,93,1,0.0
11/16/21,Port Said,EG,31.2565,32.2841,67.98,88,22,3.44
11/16/21,Sosnovka,RU,56.255,51.2842,20.23,78,99,10.29
11/16/21,Santiago del Estero,AR,-27.7951,-64.2615,77.0,70,100,9.48
11/16/21,Krasnyy Chikoy,RU,50.3643,108.7512,35.04,45,100,1.95
11/16/21,Erzin,TR,36.9559,36.2,46.92,30,0,0.76
11/16/21,Auki,SB,-8.7676,160.7034,83.3,71,76,1.74
11/16/21,Lagunas,PE,-5.2269,-75.6753,73.74,92,99,2.19
11/16/21,Fare,PF,-16.7,-151.0167,81.16,75,88,9.19
11/16/21,Howard Springs,AU,-12.497,131.047,98.51,24,99,3.91
11/16/21,Kungurtug,RU,50.5994,97.5228,25.9,63,64,11.45
11/16/21,Hasaki,JP,35.7333,140.8333,61.2,79,79,22.1
11/16/21,Dubbo,AU,-32.25,148.6167,69.93,32,40,10.36
11/16/21,West Bay,KY,19.3667,-81.4167,79.07,87,88,5.99
11/16/21,Kieta,PG,-6.2167,155.6333,83.17,75,100,3.44
11/16/21,Ossora,RU,59.2353,163.0719,33.39,99,100,24.96
11/16/21,Plettenberg Bay,ZA,-34.0527,23.3716,63.86,83,100,8.81
11/16/21,Koster,ZA,-25.863,26.8976,73.9,46,0,16.64
11/16/21,Moncton,CA,46.1159,-64.8019,39.79,96,90,24.16
11/16/21,Gigmoto,PH,13.7796,124.39,82.54,83,89,9.04
11/16/21,Aranos,NA,-24.1333,19.1167,81.48,19,96,12.5
11/16/21,Olinda,BR,-8.0089,-34.8553,80.33,74,40,10.36
11/16/21,Bandarbeyla,SO,9.4942,50.8122,80.85,60,100,11.63
11/16/21,Tortolì,IT,39.9256,9.6572,55.22,82,40,6.91
11/16/21,Rock Sound,BS,24.9,-76.2,77.14,72,100,21.45
11/16/21,Chachapoyas,PE,-6.2317,-77.869,52.54,97,96,2.06
11/16/21,Zyryanka,RU,65.75,150.85,-9.29,100,69,1.68
11/16/21,Karratha,AU,-20.7377,116.8463,88.45,32,33,14.81
11/16/21,Ridgecrest,US,35.6225,-117.6709,61.61,26,75,3.44
11/16/21,Nemuro,JP,43.3236,145.575,46.83,62,46,16.89
11/16/21,Maumere,ID,-8.6199,122.2111,84.0,71,95,3.91
11/16/21,Brae,GB,60.3964,-1.353,49.91,87,100,28.25
11/16/21,Jati,PK,24.3539,68.2671,85.08,11,3,10.02
11/16/21,Berlevåg,NO,70.8578,29.0864,41.0,90,99,6.62
11/16/21,Berezovyy,RU,51.6667,135.7,22.06,59,0,3.65
11/16/21,San Policarpo,PH,12.1791,125.5072,82.42,82,67,11.81
11/16/21,Kharabali,RU,47.4196,47.2568,27.75,51,39,17.25
11/16/21,Mbuji-Mayi,CD,-6.15,23.6,72.9,89,97,4.03
11/16/21,Grindavik,IS,63.8424,-22.4338,36.07,93,75,18.41
11/16/21,Sitka,US,57.0531,-135.33,33.69,80,75,6.91
11/16/21,Agüimes,ES,27.9054,-15.4461,63.23,73,20,11.5
11/16/21,Port Hardy,CA,50.6996,-127.4199,41.0,93,40,8.05
11/16/21,Ozernovskiy,RU,51.5,156.5167,34.84,66,100,26.37
11/16/21,San Carlos,VE,9.6612,-68.5827,71.2,88,26,2.04
11/16/21,Dholka,IN,22.7167,72.4667,79.18,26,64,14.32
11/16/21,Nome,US,64.5011,-165.4064,3.27,67,1,0.0
11/16/21,Orange,US,33.7,-117.7675,70.68,66,90,0.0
11/16/21,Salekhard,RU,66.53,66.6019,1.13,94,90,5.44
11/16/21,Río Cuarto,AR,-33.1307,-64.3499,58.15,47,74,16.75
11/16/21,Celestún,MX,20.8667,-90.4,71.35,77,24,10.69
11/16/21,Lábrea,BR,-7.2586,-64.7981,74.17,99,100,1.48
11/16/21,Havøysund,NO,70.9963,24.6622,41.23,82,96,13.6
11/16/21,Maryborough,AU,-25.5333,152.7,83.77,43,12,8.41
11/16/21,Pundaguitan,PH,6.3711,126.1689,83.21,71,98,4.21
11/16/21,Zhangye,CN,38.9342,100.4517,41.36,21,98,6.91
11/16/21,Ketchikan,US,55.3422,-131.6461,36.07,87,75,0.0
11/16/21,Pak Phanang,TH,8.3511,100.202,89.62,72,97,8.95
11/16/21,Yangi Marg`ilon,UZ,40.4272,71.7189,47.12,53,18,2.3
11/16/21,Fairbanks,US,64.8378,-147.7164,-2.9,80,90,0.0
11/16/21,Lewistown,US,40.5992,-77.5714,36.81,75,1,9.22
11/16/21,Batagay-Alyta,RU,67.8006,130.4114,-15.11,89,85,4.81
11/16/21,Turukhansk,RU,65.8167,87.9833,-6.57,95,96,7.36
11/16/21,Talnakh,RU,69.4865,88.3972,2.12,95,100,11.39
11/16/21,La Rioja,ES,42.25,-2.5,44.49,85,98,4.97
11/16/21,Miles City,US,46.4083,-105.8406,58.51,53,1,9.22
11/16/21,Haines Junction,CA,60.7522,-137.5108,6.75,78,92,5.75
11/16/21,Barranca,PE,-10.75,-77.7667,62.31,88,100,6.91
11/16/21,Jasidih,IN,24.5167,86.65,78.93,37,28,5.21
11/16/21,Alice Springs,AU,-23.7,133.8833,83.75,16,1,8.05
11/16/21,Maţāy,EG,28.419,30.7792,66.83,71,11,6.87
11/16/21,Nanortalik,GL,60.1432,-45.2371,16.03,61,0,22.44
11/16/21,Paita,PE,-5.0892,-81.1144,62.85,85,56,9.66
11/16/21,Towada,JP,40.6127,141.2067,49.21,58,79,10.45
11/16/21,San Miguelito,PA,9.0333,-79.5,79.56,86,75,1.99
11/16/21,Nelson Bay,AU,-32.7167,152.15,68.11,52,3,4.0
11/16/21,Marquette,US,46.5333,-87.6335,28.36,90,25,3.6
11/16/21,Puerto Ayacucho,VE,5.6639,-67.6236,75.52,78,88,4.34
11/16/21,Terre Haute,US,39.4667,-87.4139,37.62,83,1,5.75
11/16/21,Geraldton,AU,-28.7667,114.6,75.61,46,75,14.97
11/16/21,Pitimbu,BR,-7.4706,-34.8086,79.39,79,15,12.44
11/16/21,Ostrovnoy,RU,68.0531,39.5131,28.78,94,100,3.36
11/16/21,Springfield,US,37.2153,-93.2982,54.55,76,1,1.99
11/16/21,Antiguo Morelos,MX,22.5495,-99.0812,66.45,91,7,1.52
11/16/21,Molo,KE,-0.2479,35.7374,59.92,70,93,5.88
11/16/21,Metaxades,GR,41.4204,26.225,50.38,76,94,12.55
11/16/21,Yilan,TW,24.757,121.753,83.08,69,84,5.08
11/16/21,Hobyo,SO,5.3505,48.5268,81.68,62,88,8.23
11/16/21,Imeni Poliny Osipenko,RU,52.4201,136.4853,12.61,83,8,3.29
11/16/21,Ayan,RU,56.45,138.1667,15.46,60,91,14.58
11/16/21,Port Macquarie,AU,-31.4333,152.9167,68.9,50,11,10.71
11/16/21,Bor,RU,56.3567,44.0669,28.33,89,98,15.23
11/16/21,Vao,NC,-22.6667,167.4833,76.77,73,8,12.21
11/16/21,Hokitika,NZ,-42.7167,170.9667,52.74,81,97,19.55
11/16/21,Lavrentiya,RU,65.5833,-171.0,14.59,87,96,7.31
11/16/21,Nanga Eboko,CM,4.6833,12.3667,69.19,98,99,0.6
11/16/21,Caravelas,BR,-17.7125,-39.2481,74.03,73,100,9.42
11/16/21,Seoul,KR,37.5683,126.9778,58.39,33,0,5.75
11/16/21,Pemangkat,ID,1.1667,108.9667,84.31,70,64,8.1
11/16/21,Saurimo,AO,-9.6608,20.3916,65.91,86,100,3.33
11/16/21,Pacific Grove,US,36.6177,-121.9166,61.61,91,1,1.01
11/16/21,Mount Isa,AU,-20.7333,139.5,89.37,11,15,9.22
11/16/21,Farap,TM,39.1704,63.6116,48.2,71,100,13.8
11/16/21,Adwa,ET,14.1646,38.8955,69.89,41,5,1.95
11/16/21,Bilibino,RU,68.0546,166.4372,10.42,94,100,3.74
11/16/21,Yulara,AU,-25.2406,130.9889,89.44,11,0,10.36
11/16/21,Mae Hong Son,TH,19.3003,97.9685,86.14,62,20,1.14
11/16/21,Alta Floresta,BR,-9.8756,-56.0861,70.54,99,100,2.66
11/16/21,Yuzhnyy,RU,53.2542,83.6936,25.18,80,75,11.18
11/16/21,Jalu,LY,29.0331,21.5482,65.61,82,100,9.08
11/16/21,Broome,US,42.2506,-75.833,35.83,77,75,3.0
11/16/21,Hamilton,US,39.1834,-84.5333,39.11,87,90,1.01
11/16/21,Walvis Bay,NA,-22.9575,14.5053,61.09,88,0,5.75
11/16/21,North Bend,US,43.4065,-124.2243,48.11,89,1,6.91
11/16/21,Daru,PG,-9.0763,143.2092,82.45,81,100,9.69
11/16/21,Srednekolymsk,RU,67.45,153.6833,-5.19,100,80,5.66
11/16/21,Khasan,RU,42.4308,130.6434,46.02,36,0,8.59
11/16/21,Tanete,ID,-3.9443,119.7848,75.97,95,100,2.37
11/16/21,Ilulissat,GL,69.2167,-51.1,-1.89,88,100,7.87
11/16/21,Salmās,IR,38.1973,44.7653,32.99,49,100,1.39
11/16/21,Hamza,UZ,40.4264,71.4956,48.15,41,21,4.56
11/16/21,Taoudenni,ML,22.6783,-3.9836,67.19,22,99,4.45
11/16/21,Miyazu,JP,35.5333,135.1833,57.4,65,90,5.46
11/16/21,Dalvik,IS,65.9702,-18.5286,35.53,77,57,11.81
11/16/21,Rome,US,43.2128,-75.4557,36.03,93,90,3.44
11/16/21,Nikel,RU,69.4128,30.222,35.78,92,97,9.8
11/16/21,Urucará,BR,-2.5364,-57.76,74.46,97,100,3.09
11/16/21,Novytsya,UA,48.9635,24.3354,38.73,94,13,8.23
11/16/21,Hambantota,LK,6.1241,81.1185,86.34,79,40,17.27
11/16/21,Tarancón,ES,40.0085,-3.0073,39.49,82,20,4.45
11/16/21,Shache,CN,38.4167,77.2406,45.48,24,0,5.17
11/16/21,Sangar,RU,63.9242,127.4739,-20.56,99,61,2.01
11/16/21,Carutapera,BR,-1.195,-46.02,78.08,81,54,7.36
11/16/21,Itaituba,BR,-4.2761,-55.9836,72.07,99,72,2.04
11/16/21,St. Pete Beach,US,27.7253,-82.7412,61.25,56,0,10.71
11/16/21,Xining,CN,36.6167,101.7667,37.45,32,99,1.66
11/16/21,Sabha,LY,27.0377,14.4283,61.79,55,0,4.88
11/16/21,Mlonggo,ID,-6.5333,110.7,85.89,66,100,3.56
11/16/21,Riviere-au-Renard,CA,48.9957,-64.3971,35.6,98,100,18.9
11/16/21,Sri Aman,MY,1.2376,111.4621,93.25,62,40,3.44
11/16/21,Beringovskiy,RU,63.05,179.3167,28.18,96,100,10.98
11/16/21,Mamaku,NZ,-38.1,176.0833,63.59,92,39,6.31
11/16/21,São Gabriel da Cachoeira,BR,-0.1303,-67.0892,72.77,99,92,2.17
11/16/21,Terrace,CA,54.5163,-128.6035,31.91,100,75,2.3
11/16/21,Tipuani,BO,-15.5648,-68.0185,69.57,98,100,2.26
11/16/21,Aktash,RU,50.3,87.7333,8.67,59,84,4.94
11/16/21,Malayal,PH,7.208,121.942,89.4,78,73,3.31
11/16/21,Port Augusta,AU,-32.5,137.7667,78.71,32,4,12.57
11/16/21,Umluj,SA,25.0213,37.2685,77.23,54,0,9.06
11/16/21,Airai,TL,-8.9266,125.4092,72.66,56,69,5.14
11/16/21,Varhaug,NO,58.6147,5.6457,47.89,88,100,14.43
11/16/21,Lovozero,RU,68.005,35.0117,34.0,90,100,19.08
11/16/21,Olbia,IT,40.9214,9.4856,62.65,88,40,11.5
11/16/21,Lusambo,CD,-4.9667,23.45,71.62,95,96,2.3
11/16/21,Wenzhou,CN,27.9994,120.6668,63.86,68,99,1.7
11/16/21,Colombo,LK,6.9319,79.8478,80.55,82,73,11.65
11/16/21,Wewak,PG,-3.5534,143.6268,83.34,74,60,5.61
11/16/21,Vilhena,BR,-12.7406,-60.1458,68.5,99,99,5.37
11/16/21,Nangong,CN,37.3581,115.3744,55.44,51,0,2.24
11/16/21,Yeppoon,AU,-23.1333,150.7333,85.78,60,30,11.1
11/16/21,Tsabong,BW,-26.0217,22.401,84.96,13,1,8.34
11/16/21,Sørland,NO,67.667,12.6934,44.67,91,100,31.21
11/16/21,Hirara,JP,24.8,125.2833,78.66,61,40,14.97
11/16/21,Kehychivka,UA,49.2866,35.7615,24.39,83,33,5.82
11/16/21,Likasi,CD,-10.9814,26.7333,68.9,79,97,3.56
11/16/21,Maykor,RU,59.0059,55.88,21.78,78,100,15.26
11/16/21,College,US,64.8569,-147.8028,-0.45,77,90,0.0
11/16/21,Bhadrak,IN,21.0633,86.5054,82.78,60,35,9.69
11/16/21,Pangnirtung,CA,66.1451,-65.7125,3.0,71,79,5.82
11/16/21,Cooma,AU,-36.2333,149.1333,58.77,54,40,6.91
11/16/21,Turbat,PK,26.0023,63.044,79.03,13,5,9.42
11/16/21,Piaçabuçu,BR,-10.4056,-36.4344,75.7,84,45,9.91
11/16/21,Beloha,MG,-25.1667,45.05,82.31,51,36,8.12
11/16/21,Musoma,TZ,-1.5,33.8,74.41,55,97,7.0
11/16/21,Bahār,IR,34.9072,48.4414,45.9,74,99,6.62
11/16/21,Abu Samrah,SY,35.3029,37.1841,61.63,37,2,3.98
11/16/21,Weiser,US,44.251,-116.9693,59.02,52,100,10.83
11/16/21,Kloulklubed,PW,7.0419,134.2556,84.02,68,84,3.02
11/16/21,Hersbruck,DE,49.5125,11.4339,40.73,96,77,2.68
11/16/21,Camacupa,AO,-12.0167,17.4833,63.77,91,100,4.05
11/16/21,Inongo,CD,-1.95,18.2667,70.16,99,91,0.69
11/16/21,Villa Altagracia,DO,18.673,-70.171,76.12,93,20,2.98
11/16/21,Iskateley,RU,67.6803,53.1512,4.21,88,71,5.17
11/16/21,Benguela,AO,-12.5763,13.4055,77.95,85,97,2.93
11/16/21,Padang,ID,-0.9492,100.3543,87.85,57,62,5.91
11/16/21,Cabedelo,BR,-6.9811,-34.8339,79.47,78,21,12.35
11/16/21,Tikrit,IQ,34.6071,43.6782,68.95,24,100,2.13
11/16/21,Lázaro Cárdenas,MX,17.9583,-102.2,74.61,77,26,3.83
11/16/21,Buritis,BR,-15.6178,-46.4233,66.65,95,100,4.05
11/16/21,Aquiraz,BR,-3.9014,-38.3911,84.22,66,79,13.35
11/16/21,Gopālpur,IN,19.2667,84.9167,80.65,81,64,11.3
11/16/21,Limbe,CM,4.0242,9.2149,78.19,84,99,0.18
11/16/21,Corowa,AU,-36.0333,146.3833,63.41,52,4,12.62
11/16/21,Kemisē,ET,10.7167,39.8667,73.44,38,52,4.14
11/16/21,Itarema,BR,-2.9248,-39.9167,80.58,73,45,12.97
11/16/21,Kaoma,ZM,-14.7833,24.8,76.3,51,42,7.25
11/16/21,Roald,NO,62.5833,6.1333,52.72,66,75,25.32
11/16/21,Wote,KE,-1.7808,37.6288,71.08,72,99,3.53
11/16/21,Buxton,GB,53.2574,-1.9098,47.57,95,93,2.57
11/16/21,Waingapu,ID,-9.6567,120.2641,86.43,65,32,6.62
11/16/21,Mollendo,PE,-17.0231,-72.0147,62.85,85,100,6.26
11/16/21,Porangatu,BR,-13.4408,-49.1486,70.56,94,100,2.75
11/16/21,Sakakah,SA,29.9697,40.2064,54.97,29,14,6.85
11/16/21,Polson,US,47.6936,-114.1632,47.37,69,90,29.73
11/16/21,Kampot,KH,10.6167,104.1833,84.25,86,95,8.37
11/16/21,Port Moresby,PG,-9.4431,147.1797,78.22,94,75,17.27
11/16/21,Abilene,US,32.4487,-99.7331,68.49,57,1,4.0
11/16/21,Mpanda,TZ,-6.3655,31.0409,74.32,58,88,4.94
11/16/21,Rocha,UY,-34.4833,-54.3333,62.47,98,65,5.99
11/16/21,Tomatlán,MX,19.9333,-105.25,70.68,78,46,3.22
11/16/21,Huicungo,PE,-7.2833,-76.8,72.91,94,100,1.16
11/16/21,Birjand,IR,32.8663,59.2211,52.27,22,0,4.61
11/16/21,Saint Anthony,US,45.0205,-93.218,32.14,77,1,3.0
11/16/21,Sigli,ID,5.3848,95.9609,82.35,76,99,1.32
11/16/21,Challapata,BO,-18.9,-66.7667,52.25,39,100,4.43
11/16/21,Turgoyak,RU,55.15,60.1183,15.12,78,30,6.15
11/16/21,Flin Flon,CA,54.7682,-101.865,29.34,91,100,9.84
11/16/21,Vänersborg,SE,58.3807,12.3234,43.66,100,90,6.91
11/16/21,Gizo Government Station,SB,-8.103,156.8419,85.06,68,95,4.79
11/16/21,Itambacuri,BR,-18.0311,-41.685,62.01,97,94,2.08
11/16/21,Grand Gaube,MU,-20.0064,57.6608,82.38,62,36,8.99
11/16/21,Bowling Green,US,36.9903,-86.4436,42.75,81,1,0.0
11/16/21,Waipawa,NZ,-41.4122,175.5153,60.46,65,0,24.16
11/16/21,Biu,NG,10.6129,12.1946,71.33,24,100,5.12
11/16/21,Vila,PT,42.0304,-8.1588,43.93,87,94,4.32
11/16/21,Primo Tapia,MX,32.22,-116.9172,64.56,60,1,5.97
11/16/21,Arica,CL,-18.475,-70.3042,64.63,77,90,8.05
11/16/21,Kapuskasing,CA,49.4169,-82.4331,24.89,86,90,9.22
11/16/21,Reconquista,AR,-29.15,-59.65,72.48,86,30,2.48
11/16/21,Garissa,KE,-0.4536,39.6401,83.3,61,61,13.56
11/16/21,Abu Dhabi,AE,24.4667,54.3667,77.11,83,0,5.75
11/16/21,Jacksonville,US,30.3322,-81.6556,53.6,79,1,0.0
11/16/21,Dafeng,CN,23.4517,108.5881,67.84,78,100,2.89
11/16/21,Shiraz,IR,29.6036,52.5388,54.84,28,40,0.0
11/16/21,Krutinka,RU,56.0055,71.5113,14.72,88,100,12.82
