City,Country,Latitude,Longitude,Max Temp (f),Humidity (%),Cloud Cover (%),Wind Speed (mph)
Castro,BR,-24.7911,-50.0119,55.63,92,99,5.73
Ushuaia,AR,-54.8,-68.3,37.06,93,75,25.32
Kutum,SD,14.2,24.6667,68.0,20,0,5.91
East London,ZA,-33.0153,27.9116,68.94,77,0,2.3
Castelo do Piauí,BR,-5.3222,-41.5525,72.63,91,34,2.28
Rikitea,PF,-23.1203,-134.9692,75.0,76,99,15.1
Merauke,ID,-8.4667,140.3333,84.4,75,99,9.24
Upernavik,GL,72.7868,-56.1549,-0.54,75,4,7.2
Esperance,AU,-33.8667,121.9,82.24,42,87,15.52
Saldanha,ZA,-33.0117,17.9442,65.39,74,100,11.05
Hithadhoo,MV,-0.6,73.0833,82.54,72,93,10.89
Puerto Colombia,CO,10.9878,-74.9547,80.69,80,16,17.63
Galeana,MX,24.8333,-100.0667,51.48,78,6,2.17
Pevek,RU,69.7008,170.3133,20.86,90,100,5.17
Mount Isa,AU,-20.7333,139.5,85.77,15,0,12.66
Grand Gaube,MU,-20.0064,57.6608,82.8,64,74,8.99
Lompoc,US,34.6391,-120.4579,72.52,67,1,3.44
Bambous Virieux,MU,-20.3428,57.7575,82.65,65,40,11.5
Hong Kong,HK,22.2855,114.1577,79.21,48,56,1.01
Babstovo,RU,48.1167,132.4833,24.57,58,1,12.59
Cayenne,GF,4.9333,-52.3333,80.1,85,20,1.99
Souillac,MU,-20.5167,57.5167,82.78,65,40,11.5
Kapaa,US,22.0752,-159.319,73.72,68,1,1.01
Bonthe,SL,7.5264,-12.505,76.39,82,70,3.22
Leningradskiy,RU,69.3833,178.4167,14.86,95,100,7.81
Torbay,CA,47.6666,-52.7314,47.57,89,75,27.63
Saskylakh,RU,71.9167,114.0833,-6.12,94,99,6.58
Makkah al Mukarramah,SA,21.4267,39.8261,79.02,61,0,0.69
Dikson,RU,73.5069,80.5464,-7.73,99,99,5.35
Bucerías,MX,20.75,-105.3333,76.98,79,2,4.63
Hermanus,ZA,-34.4187,19.2345,62.91,66,100,0.78
Mataura,NZ,-46.1927,168.8643,54.77,95,100,3.51
Comodoro Rivadavia,AR,-45.8667,-67.5,49.86,40,0,20.71
Punta Arenas,CL,-53.15,-70.9167,41.11,48,75,18.41
Syracuse,IT,37.0881,15.2792,57.31,83,82,5.82
Kroya,ID,-7.6331,109.2461,82.2,72,99,3.38
Bluff,NZ,-46.6,168.3333,54.01,90,98,14.45
Banda Aceh,ID,5.5577,95.3222,85.14,67,81,11.01
Usol'ye-Sibirskoye,RU,52.7519,103.6453,33.42,64,100,4.72
Shitkino,RU,56.3703,98.3543,36.27,84,100,10.38
Berlevåg,NO,70.8578,29.0864,25.84,82,100,23.2
Busselton,AU,-33.65,115.3333,71.98,51,89,12.68
Nikolskoye,RU,59.7035,30.7861,32.02,81,70,1.66
Qasigiannguit,GL,68.8193,-51.1922,12.45,90,99,3.83
Atuona,PF,-9.8,-139.0333,78.48,72,4,16.93
Nānākuli,US,21.3906,-158.1547,78.75,73,20,0.0
Lebu,CL,-37.6167,-73.65,52.12,90,46,11.7
Pangnirtung,CA,66.1451,-65.7125,-1.5,73,2,5.79
Kloulklubed,PW,7.0419,134.2556,86.5,70,50,7.02
Alta Floresta,BR,-9.8756,-56.0861,69.93,95,100,2.15
Kantang,TH,7.4054,99.5156,86.09,79,40,6.91
Severo-Kuril'sk,RU,50.6789,156.125,41.94,96,100,10.71
Pisco,PE,-13.7,-76.2167,60.03,88,71,3.44
Puerto Cabezas,NI,14.0351,-83.3888,75.0,91,93,8.05
Novoagansk,RU,61.9449,76.6625,3.29,95,93,5.77
Tainan City,TW,22.9908,120.2133,85.93,54,75,6.91
Port Alfred,ZA,-33.5906,26.891,71.15,62,95,3.65
Albany,US,42.6001,-73.9662,38.17,90,100,6.33
Hobart,AU,-42.8794,147.3294,50.25,62,20,3.0
Oriximiná,BR,-1.7656,-55.8661,74.88,91,86,2.13
Airai,TL,-8.9266,125.4092,62.08,94,100,2.89
Barrow,US,71.2906,-156.7887,10.42,67,90,12.66
Qiongshan,CN,20.0058,110.3542,84.18,54,40,15.66
Río Gallegos,AR,-51.6226,-69.2181,37.45,81,90,29.93
Qaanaaq,GL,77.484,-69.3632,-6.16,60,50,11.48
Osa,RU,57.2829,55.4567,17.91,88,100,3.15
Kingman,US,35.1894,-114.053,63.88,30,1,8.05
Petropavlovsk-Kamchatskiy,RU,53.0452,158.6483,28.99,100,90,8.95
Butaritari,KI,3.0707,172.7902,82.22,72,14,15.59
Mocuba,MZ,-16.8392,36.9856,85.91,54,99,5.84
Kavaratti,IN,10.5669,72.642,80.47,82,100,17.85
Hilo,US,19.7297,-155.09,75.79,90,20,3.44
Tiksi,RU,71.6872,128.8694,-14.24,98,46,6.8
Sørland,NO,67.667,12.6934,46.47,95,100,32.12
Kavieng,PG,-2.5744,150.7967,84.6,71,69,10.54
Port-Gentil,GA,-0.7193,8.7815,76.96,94,75,2.3
Ambilobe,MG,-13.2,49.05,89.82,40,3,4.03
Zhigansk,RU,66.7697,123.3711,-20.58,99,83,6.24
Vaini,TO,-21.2,-175.2,78.96,78,20,8.05
Aklavik,CA,68.2191,-135.0107,7.63,97,100,2.55
Fort Nelson,CA,58.8053,-122.7002,11.79,85,90,2.3
Overyata,RU,58.0868,55.8709,14.13,82,100,5.32
Shingū,JP,33.7333,135.9833,67.19,54,0,4.21
Marsá Maţrūḩ,EG,31.3525,27.2453,70.0,68,40,9.22
Point Pedro,LK,9.8167,80.2333,84.0,71,43,5.82
Rāmānuj Ganj,IN,23.8,83.7,78.3,58,6,6.13
Jonava,LT,55.0833,24.2833,33.85,91,90,1.99
Shiyan,CN,32.6475,110.7781,63.41,39,44,4.65
Jiujiang,CN,29.7333,115.9833,69.19,30,80,2.17
Ukiah,US,39.1502,-123.2078,61.38,90,1,0.0
Port Elizabeth,ZA,-33.918,25.5701,66.49,82,0,3.44
Troitsko-Pechorsk,RU,62.7084,56.1964,17.51,92,95,7.05
Osorno,CL,-40.5667,-73.15,48.51,87,90,10.36
Nanortalik,GL,60.1432,-45.2371,21.61,60,0,39.88
Manicoré,BR,-5.8092,-61.3003,75.2,93,100,0.63
Sechenovo,RU,55.2244,45.8906,28.69,95,100,14.65
Madang,PG,-5.2246,145.7966,85.1,66,68,5.28
Fayaoué,NC,-20.65,166.5333,80.1,72,49,8.16
Saint-François,FR,46.4154,3.9054,47.48,99,90,0.0
Puerto Ayora,EC,-0.7393,-90.3518,67.19,82,54,8.23
St. George's,GD,12.0564,-61.7485,79.75,79,8,14.67
New Norfolk,AU,-42.7826,147.0587,49.71,66,51,1.99
Yellowknife,CA,62.456,-114.3525,16.32,100,75,8.05
Norman Wells,CA,65.282,-126.8329,3.24,78,75,5.75
Hasaki,JP,35.7333,140.8333,68.4,56,13,9.46
Lüderitz,NA,-26.6481,15.1594,73.6,48,0,15.19
Petatlán,MX,17.5167,-101.2667,71.13,66,6,4.43
Parintins,BR,-2.6283,-56.7358,75.51,86,91,1.14
Jamestown,US,42.097,-79.2353,34.92,96,90,7.0
Karratha,AU,-20.7377,116.8463,91.89,22,60,13.58
Puerto Madryn,AR,-42.7692,-65.0385,58.48,32,82,20.71
Bredasdorp,ZA,-34.5322,20.0403,69.21,51,100,2.1
São Gabriel da Cachoeira,BR,-0.1303,-67.0892,74.19,90,95,1.41
Severnoye,RU,56.3491,78.3619,17.67,90,99,9.86
Alice Springs,AU,-23.7,133.8833,80.15,22,32,9.22
Saint-Pierre,RE,-21.3393,55.4781,85.57,68,0,6.91
Khatanga,RU,71.9667,102.5,-2.13,98,100,5.03
Usevya,TZ,-7.1,31.2333,81.48,43,93,7.45
Acapulco de Juárez,MX,16.8634,-99.8901,75.25,68,8,4.52
Erzin,TR,36.9559,36.2,48.72,29,90,3.42
Saint Paul Harbor,US,57.79,-152.4072,24.31,68,1,3.44
Luanda,AO,-8.8368,13.2343,77.88,80,100,7.87
Camocim,BR,-2.9022,-40.8411,77.41,87,95,8.81
Poum,NC,-20.2333,164.0167,80.49,79,65,12.17
Krasnosel'kup,RU,65.7,82.4667,-3.96,98,84,9.62
Tura,IN,25.5198,90.2201,76.15,48,0,2.86
Cape Town,ZA,-33.9258,18.4232,67.1,79,40,3.0
Turukhansk,RU,65.8167,87.9833,-10.41,98,99,2.57
Novopokrovka,UA,49.8425,36.5477,32.38,82,4,7.43
Calama,CL,-22.4667,-68.9333,43.29,26,5,14.97
Broken Hill,AU,-31.95,141.4333,65.91,37,75,16.11
Avarua,CK,-21.2078,-159.775,75.25,73,40,2.3
Province of Mantua,IT,45.1667,10.7833,57.72,84,100,11.99
Rockville,US,39.084,-77.1528,44.55,76,75,4.0
Tuktoyaktuk,CA,69.4541,-133.0374,6.8,85,75,9.22
Kiryat Gat,IL,31.61,34.7642,69.91,31,48,3.44
Kodinsk,RU,58.6881,99.1844,29.95,95,100,3.06
Cherskiy,RU,68.75,161.3,1.87,98,95,0.65
Tasiilaq,GL,65.6145,-37.6368,30.36,57,45,10.94
Myre,NO,69.1036,15.9492,44.51,89,100,31.54
Liverpool,GB,53.4106,-2.9779,51.51,89,90,3.0
Makakilo City,US,21.3469,-158.0858,77.32,72,20,0.0
Kaili,ID,-3.4626,120.2147,78.03,74,97,2.57
Saravan,AM,39.7196,45.6483,25.45,29,97,1.92
Swan Hill,AU,-35.3378,143.5544,61.72,36,99,17.31
Kibala,TD,9.1104,18.3463,73.35,94,0,0.0
Sydney,AU,-33.8679,151.2073,72.34,37,0,3.0
La Ronge,CA,55.1001,-105.2842,30.45,93,90,1.14
Carnarvon,AU,-24.8667,113.6333,77.07,57,1,20.71
La Santisima Trinidad,BO,-14.8333,-64.9,73.24,98,99,3.47
Jardim do Seridó,BR,-6.5844,-36.7744,76.86,74,46,12.59
Mayumba,GA,-3.432,10.6554,76.69,89,99,1.99
Bima,ID,-8.4667,118.7167,84.31,73,99,1.5
Hastings,GB,50.8552,0.5729,51.33,91,100,6.93
Korampallam,IN,8.7667,78.1,86.29,66,40,6.91
Nishihara,JP,26.1842,127.7558,76.68,46,20,12.66
Hamilton,US,39.1834,-84.5333,36.37,76,20,4.0
Acaraú,BR,-2.8856,-40.12,79.03,83,59,12.68
Nemuro,JP,43.3236,145.575,45.03,72,79,10.87
Yacuiba,BO,-22.038,-63.6797,65.37,95,100,3.18
Lavrentiya,RU,65.5833,-171.0,11.88,94,84,6.96
Collie,AU,-33.3667,116.15,82.22,27,82,7.99
Görele,TR,41.0308,39.0031,54.84,66,90,4.79
Phra Nakhon Si Ayutthaya,TH,14.2833,100.5,89.02,66,42,5.55
Raja,SS,8.4596,25.678,81.48,24,31,5.48
Fougamou,GA,-1.2154,10.5838,73.04,94,57,0.89
Calvinia,ZA,-31.4707,19.776,77.41,21,13,2.64
Bonavista,CA,48.6499,-53.1147,48.11,89,70,20.89
Monrovia,LR,6.3005,-10.7969,76.21,86,26,4.34
İdil,TR,37.3411,41.8895,58.08,30,100,2.64
Bandarbeyla,SO,9.4942,50.8122,81.25,61,49,11.18
Adrar,MR,20.5022,-10.0711,69.85,36,17,8.84
Buala,SB,-8.145,159.5921,83.91,72,78,5.73
Boddam,GB,57.4667,-1.7833,51.39,92,100,2.95
Kapit,MY,2.0167,112.9333,89.2,59,100,1.48
Broome,US,42.2506,-75.833,37.62,77,90,1.99
Rawson,AR,-43.3002,-65.1023,57.76,28,97,20.22
Beijing,CN,39.9075,116.3972,49.89,42,48,3.83
Slave Lake,CA,55.2834,-114.769,30.18,100,90,4.61
Henties Bay,NA,-22.116,14.2845,59.86,79,93,9.42
Armizonskoye,RU,55.9461,67.6736,16.05,77,66,7.58
Teguise,ES,29.0605,-13.564,59.22,77,0,6.91
Limbang,MY,4.75,115.0,86.31,87,98,2.77
Şurmān,LY,32.7567,12.5716,60.82,46,0,9.93
Batemans Bay,AU,-35.7167,150.1833,63.99,39,73,2.77
Nelson Bay,AU,-32.7167,152.15,75.76,36,12,4.0
Lashio,MM,22.9333,97.75,75.13,71,93,3.27
Lithakia,GR,37.7167,20.8333,61.59,91,100,15.08
Washington,US,47.5001,-120.5015,60.66,47,97,6.38
Piaçabuçu,BR,-10.4056,-36.4344,75.94,87,83,7.61
Caravelas,BR,-17.7125,-39.2481,69.89,74,97,7.38
Eureka,US,40.8021,-124.1637,56.68,95,100,2.51
Nādbai,IN,27.2333,77.2,77.4,26,0,0.65
Halifax,CA,44.6453,-63.5724,42.85,87,73,3.44
Lata,PT,40.1629,-8.3327,48.81,58,0,3.69
Charcas,MX,23.1333,-101.1167,53.22,67,25,3.89
Isabela,PH,6.7085,121.9711,83.17,78,91,1.77
Beloha,MG,-25.1667,45.05,82.76,47,10,8.72
Sabha,LY,27.0377,14.4283,62.06,61,97,8.68
Gwadar,PK,25.1216,62.3254,78.76,27,0,15.97
Chui,UY,-33.6971,-53.4616,62.11,94,7,4.7
Ilulissat,GL,69.2167,-51.1,12.22,67,20,12.66
Chokurdakh,RU,70.6333,147.9167,1.47,97,100,0.54
Menongue,AO,-14.6585,17.691,67.96,76,100,1.12
Rūdsar,IR,37.1376,50.288,60.78,74,27,7.94
Aksarka,RU,66.5606,67.7975,1.54,96,80,6.64
Basco,PH,20.4487,121.9702,78.55,77,93,27.22
Mahébourg,MU,-20.4081,57.7,82.69,65,40,11.5
Noumea,NC,-22.2763,166.4572,87.01,99,55,5.55
Nara,JP,34.6851,135.8049,67.91,42,2,4.47
Businga,CD,3.3333,20.8833,73.53,94,99,0.58
Kristiansund,NO,63.1115,7.732,39.85,81,75,6.91
Zabid,YE,14.1951,43.3152,83.71,47,3,3.62
Cooma,AU,-36.2333,149.1333,49.77,57,90,14.97
Codrington,AU,-38.2667,141.9667,53.06,56,87,17.16
Laguna,US,38.421,-121.4238,61.21,95,90,0.0
Chickasha,US,35.0526,-97.9364,48.79,54,41,8.7
Syriam,MM,16.7722,96.2378,89.71,66,40,4.61
Santa Maria,BR,-29.6842,-53.8069,65.93,96,92,4.81
Yinzhu,CN,35.8786,119.9753,62.62,47,90,2.89
Fairbanks,US,64.8378,-147.7164,-6.7,79,75,3.44
Tabuk,PH,17.4189,121.4443,81.55,78,84,9.1
Gray,US,35.4167,-100.802,52.52,47,48,11.97
Sinnamary,GF,5.3833,-52.95,77.07,87,91,7.31
Houma,US,29.5958,-90.7195,53.98,91,0,3.2
Río Cuarto,AR,-33.1307,-64.3499,59.67,51,0,14.45
Ponta do Sol,PT,32.6667,-17.1,66.83,65,42,5.14
Lagoa,PT,39.05,-27.9833,66.83,86,65,23.94
College,US,64.8569,-147.8028,-2.54,79,75,3.44
Biloela,AU,-24.4167,150.5,83.79,23,0,10.07
Sorong,ID,-0.8833,131.25,82.09,76,100,8.14
Tuatapere,NZ,-46.1333,167.6833,54.14,81,100,4.81
Tautira,PF,-17.7333,-149.15,80.62,74,100,2.57
Conakry,GN,9.538,-13.6773,78.87,94,75,2.3
São Filipe,CV,14.8961,-24.4956,75.81,75,44,8.05
Longyearbyen,SJ,78.2186,15.6401,17.44,62,20,20.71
Preobrazheniye,RU,42.9019,133.9064,39.79,38,2,8.08
Bethel,US,41.3712,-73.414,42.89,86,90,3.44
Mossamedes,AO,-15.1961,12.1522,74.21,80,100,4.63
Hammerfest,NO,70.6634,23.6821,32.45,64,75,10.36
Trenggalek,ID,-8.05,111.7167,81.25,81,100,1.81
Palauig,PH,15.435,119.9045,86.5,69,50,7.92
Anadyr,RU,64.75,177.4833,30.7,86,75,15.66
Coquimbo,CL,-29.9533,-71.3436,55.13,94,20,5.75
Ningyang,CN,35.7642,116.7914,61.43,35,57,3.22
Warrnambool,AU,-38.3833,142.4833,51.66,62,94,17.09
Shanghai,CN,31.2222,121.4581,69.87,35,0,6.71
Umluj,SA,25.0213,37.2685,77.34,59,3,9.73
Alyangula,AU,-13.8483,136.4192,87.67,37,100,10.36
Dingle,PH,10.9995,122.6711,83.84,78,99,10.45
Vanavara,RU,60.34,102.2797,23.76,92,100,6.15
Djibo,BF,14.1022,-1.6306,75.65,23,100,10.4
Thompson,CA,55.7435,-97.8558,23.16,86,90,3.44
Whitecourt,CA,54.1502,-115.6855,29.44,100,90,5.75
Husavik,IS,66.0449,-17.3389,37.31,74,47,17.47
Mar del Plata,AR,-38.0023,-57.5575,62.87,88,0,17.0
Richards Bay,ZA,-28.783,32.0377,74.01,71,94,9.89
Novelda,ES,38.3848,-0.7677,56.08,61,0,12.75
George Town,MY,5.4112,100.3354,89.89,70,20,7.0
Edgewater,US,28.9889,-80.9023,56.01,54,25,9.4
Olafsvik,IS,64.8945,-23.7142,40.15,67,98,36.08
Kulhudhuffushi,MV,6.6221,73.07,81.34,80,100,22.62
Briançon,FR,44.9,6.65,39.51,98,100,5.32
Sohbatpur,PK,28.5202,68.5434,83.07,7,0,1.16
Hoquiam,US,46.9809,-123.8893,59.52,68,90,27.63
Pachino,IT,36.7186,15.0907,50.04,82,90,10.4
Harper,LR,4.375,-7.7169,77.04,87,52,2.73
Westport,US,41.1415,-73.3579,44.76,84,90,1.01
Klaksvík,FO,62.2266,-6.589,45.52,78,33,27.25
Teknāf,BD,20.8624,92.3058,84.34,68,76,6.02
Joshīmath,IN,30.5667,79.5667,61.43,17,0,7.49
Qinhuangdao,CN,39.9317,119.5883,47.07,34,100,5.46
Hurghada,EG,27.2574,33.8129,66.24,63,0,0.0
Tromsø,NO,69.6496,18.957,35.62,87,75,3.0
Qaqortoq,GL,60.7167,-46.0333,9.1,56,0,22.46
Port Hardy,CA,50.6996,-127.4199,44.6,100,90,2.3
Tazovsky,RU,67.4667,78.7,4.53,92,100,11.23
Sisimiut,GL,66.9395,-53.6735,17.42,77,100,6.31
Praia da Vitória,PT,38.7333,-27.0667,68.25,88,40,23.73
Benghazi,LY,32.1167,20.0667,67.06,59,24,26.62
Taltal,CL,-25.4,-70.4833,58.57,84,24,2.59
Katsuura,JP,35.1333,140.3,64.51,66,37,12.33
Tingi,TZ,-11.3,35.0333,74.98,54,9,8.46
Avera,US,33.194,-82.5271,49.87,64,0,8.84
Ponta Porã,BR,-22.5361,-55.7256,66.36,96,100,5.75
Khovd,MN,48.0056,91.6419,40.23,34,100,2.68
Fortuna,US,40.5982,-124.1573,56.43,73,20,3.0
Padang,ID,-0.9492,100.3543,87.85,63,99,5.19
Saint-Philippe,RE,-21.3585,55.7679,85.48,66,55,12.88
Hualmay,PE,-11.0964,-77.6139,62.56,87,82,7.56
Boyolangu,ID,-8.1181,111.8935,80.44,81,96,3.8
Coswig,DE,51.1333,13.5833,42.66,90,90,6.91
Buin,CL,-33.7333,-70.75,64.74,53,66,3.11
Vao,NC,-22.6667,167.4833,77.18,77,76,11.56
Geraldton,AU,-28.7667,114.6,77.41,53,0,11.5
Tadine,NC,-21.55,167.8833,79.66,68,60,9.01
Ampanihy,MG,-24.7,44.75,83.08,45,26,7.63
Bengkulu,ID,-3.8004,102.2655,83.89,68,67,8.03
Dudinka,RU,69.4058,86.1778,-2.92,97,100,12.3
Sistranda,NO,63.7256,8.834,45.9,66,100,9.35
Kaitangata,NZ,-46.2817,169.8464,59.94,82,93,13.13
Nome,US,64.5011,-165.4064,23.07,68,90,6.91
Kichmengskiy Gorodok,RU,59.9816,45.7854,20.5,94,92,6.8
Tambopata,PE,-12.7333,-69.1833,76.53,80,84,2.3
Bonnyville,CA,54.2668,-110.735,31.32,97,97,2.53
Arraial do Cabo,BR,-22.9661,-42.0278,68.92,75,46,16.15
Ashquelon,IL,31.6693,34.5715,70.92,37,49,4.65
Te Anau,NZ,-45.4167,167.7167,47.95,93,100,3.83
Sitka,US,57.0531,-135.33,33.69,86,90,3.44
Palembang,ID,-2.9167,104.7458,84.29,74,40,4.61
Zyryanka,RU,65.75,150.85,2.73,96,100,6.67
Saint-Augustin,CA,51.226,-58.6502,30.49,86,80,9.89
Portland,US,45.5234,-122.6762,61.63,86,90,3.0
Newport,GB,51.5877,-2.9984,49.62,92,40,1.77
Faanui,PF,-16.4833,-151.75,76.5,77,100,21.92
Antalaha,MG,-14.9003,50.2788,82.26,65,14,6.22
Mongu,ZM,-15.2484,23.1274,77.25,64,96,1.54
Kununurra,AU,-15.7667,128.7333,98.58,14,76,6.91
Kenora,CA,49.8167,-94.4337,26.58,93,20,4.61
Codó,BR,-4.4553,-43.8856,73.6,98,95,2.39
Maragogi,BR,-9.0122,-35.2225,77.32,83,20,8.61
Yumen,CN,40.2833,97.2,45.97,17,0,4.43
Khandyga,RU,62.6667,135.6,-16.44,100,78,0.65
Traverse City,US,44.7631,-85.6206,37.6,81,90,12.66
Kenai,US,60.5544,-151.2583,7.03,92,1,0.0
Kasempa,ZM,-13.4584,25.8338,72.68,73,83,1.5
Belmonte,BR,-15.8631,-38.8828,68.5,91,100,12.01
Nipawin,CA,53.3668,-104.0009,28.44,100,90,3.44
Camacha,PT,33.0833,-16.3333,63.36,72,20,4.61
Gerāsh,IR,27.6652,54.1371,62.74,25,7,2.24
San Cristobal,VE,7.7669,-72.225,68.18,92,80,1.28
Władysławowo,PL,54.7909,18.4009,42.94,85,46,14.41
Lucapa,AO,-8.4192,20.7447,66.51,97,100,1.52
Arrondissement de Bergerac,FR,44.8333,0.5,49.77,100,90,5.75
Baní,DO,18.2833,-70.3333,76.15,82,58,10.27
Hambantota,LK,6.1241,81.1185,86.34,79,40,13.8
Arman',RU,59.7,150.1667,28.63,91,100,3.42
Borogontsy,RU,62.6683,131.1683,-15.54,99,82,0.78
Ribeira Grande,PT,38.5167,-28.7,67.89,83,75,16.91
Wagar,SD,16.1525,36.2032,82.42,48,0,7.47
Mariental,NA,-24.6333,17.9667,83.86,14,0,8.46
Hofn,IS,64.2539,-15.2082,41.99,79,14,29.75
Saquarema,BR,-22.92,-42.5103,63.27,86,33,11.9
Teya,RU,60.3778,92.6267,25.66,88,100,4.68
Entebbe,UG,0.0644,32.4469,70.12,94,20,5.75
Kolokani,ML,13.5728,-8.0339,71.47,33,51,8.57
Doiwāla,IN,30.1833,78.1167,72.32,42,0,4.41
Great Bend,US,38.3645,-98.7648,46.53,51,1,1.01
Purwakarta,ID,-6.5569,107.4433,83.5,84,100,3.42
Manavālakurichi,IN,8.1333,77.3,80.69,72,91,13.51
Yulara,AU,-25.2406,130.9889,84.04,16,27,5.75
Morón,AR,-34.6534,-58.6198,71.35,75,0,3.96
Monkey Bay,MW,-14.0728,34.9201,82.53,52,30,3.29
Ossora,RU,59.2353,163.0719,27.9,91,100,3.27
São João da Barra,BR,-21.6403,-41.0511,68.58,71,68,8.3
Flinders,AU,-34.5833,150.8552,69.21,46,39,18.39
Sharan,RU,54.8167,54.0,14.56,91,100,2.71
Provideniya,RU,64.3833,-173.3,24.91,80,90,13.42
Touros,BR,-5.1989,-35.4608,79.7,79,15,12.3
Port Blair,IN,11.6667,92.75,79.47,86,100,14.67
Tymovskoye,RU,50.8456,142.655,24.71,72,98,6.29
Hailar,CN,49.2,119.7,33.22,48,35,12.01
Bangaon,IN,23.0667,88.8167,79.03,71,98,5.03
Srandakan,ID,-7.9386,110.2506,65.73,70,100,2.95
Imbituva,BR,-25.23,-50.6044,53.71,100,93,2.28
Port Macquarie,AU,-31.4333,152.9167,78.76,35,0,3.27
Isangel,VU,-19.55,169.2667,84.31,61,40,6.91
Curanilahue,CL,-37.4667,-73.35,47.26,98,56,2.33
Bayeux,BR,-7.125,-34.9322,75.83,94,20,3.44
Songjianghe,CN,42.1859,127.479,34.97,45,4,4.12
Vetluzhskiy,RU,58.3902,45.4654,25.72,87,99,9.19
Oranjestad,AW,12.524,-70.027,82.35,78,20,11.5
Grootfontein,NA,-19.5667,18.1167,77.92,38,90,6.98
Qui Nhon,VN,13.7667,109.2333,75.67,96,100,8.84
Cidreira,BR,-30.1811,-50.2056,67.62,90,100,16.49
Villaviciosa,ES,43.4813,-5.4357,57.96,96,100,4.0
Okhotsk,RU,59.3833,143.3,23.76,95,100,13.82
Clyde River,CA,70.4692,-68.5914,5.29,69,48,5.73
Ilhabela,BR,-23.7781,-45.3581,67.98,85,85,8.79
Jalu,LY,29.0331,21.5482,64.83,52,57,8.12
Balkhash,KZ,46.844,74.9804,30.81,74,20,24.61
Saint-Joseph,RE,-21.3667,55.6167,84.47,65,45,6.33
Saint Anthony,US,45.0205,-93.218,31.15,76,90,4.61
Sainte-Thècle,CA,46.8168,-72.4991,33.78,98,100,5.14
Bilibino,RU,68.0546,166.4372,5.68,97,98,4.05
Palmer,US,42.1584,-72.3287,42.4,80,75,1.99
Tuy Hoa,VN,13.0833,109.3,76.39,95,100,8.28
Sooke,CA,48.3746,-123.7276,53.44,98,100,11.5
Uauá,BR,-9.8414,-39.4817,72.14,81,70,13.15
Bubaque,GW,11.2833,-15.8333,82.96,66,63,4.38
Yurginskoye,RU,56.8189,67.3921,16.07,84,48,4.7
Kathu,TH,7.9178,98.3332,81.7,99,85,1.14
Hollister,US,36.8525,-121.4016,63.97,72,1,0.0
Ostrovnoy,RU,68.0531,39.5131,20.59,85,99,17.63
Ulagan,RU,50.6321,87.9563,33.57,63,83,2.51
Vila Velha,BR,-20.3297,-40.2925,62.94,91,40,1.14
Udachny,RU,66.4167,112.4,-13.58,99,55,4.45
Oranjemund,NA,-28.55,16.4333,65.19,74,29,9.31
Waipawa,NZ,-41.4122,175.5153,61.43,69,0,20.56
Boende,CD,-0.2167,20.8667,75.76,78,90,2.3
Gummidipundi,IN,13.4,80.15,80.6,68,25,7.54
Atambua,ID,-9.1061,124.8925,76.8,79,100,3.47
Druzhba,UA,52.0428,33.9453,31.51,89,66,10.16
Russell,US,32.3502,-85.1999,49.23,81,1,4.61
Northam,GB,51.0333,-4.2167,52.09,92,100,3.0
Faya,SA,18.3851,42.4509,61.32,41,0,2.8
Schweinfurt,DE,50.05,10.2333,45.43,94,8,7.25
Tommot,RU,58.9564,126.2925,9.91,91,88,0.89
Sangar,RU,63.9242,127.4739,-19.68,97,23,3.29
Ancud,CL,-41.8697,-73.8203,42.42,80,100,12.91
Kahului,US,20.8947,-156.47,77.02,91,1,3.44
Dunedin,NZ,-45.8742,170.5036,54.81,66,64,3.0
Tilaran,CR,10.4703,-84.9671,65.91,93,24,6.02
Coyhaique,CL,-45.5752,-72.0662,31.95,100,75,1.14
Talnakh,RU,69.4865,88.3972,-6.99,97,100,10.13
Ketchikan,US,55.3422,-131.6461,39.67,87,90,5.75
Svetlaya,RU,46.5389,138.3297,31.96,44,1,12.33
Fare,PF,-16.7,-151.0167,78.31,80,100,12.37
Ciudad Bolivar,VE,8.1222,-63.5497,74.86,85,83,8.23
Saint George,US,37.1041,-113.5841,61.54,47,1,0.0
Niquero,CU,20.0431,-77.5828,75.76,88,89,12.64
Raudeberg,NO,61.9875,5.1352,49.78,87,100,11.01
Isugod,PH,9.3408,118.1196,85.05,72,94,1.14
Evansville,US,37.9748,-87.5558,33.87,84,1,4.61
Lázaro Cárdenas,MX,17.9583,-102.2,74.41,66,8,4.81
Tilichiki,RU,60.4667,166.1,25.72,96,100,7.25
Kabul,AF,34.5,69.4167,47.26,31,0,5.26
São José da Coroa Grande,BR,-8.8978,-35.1478,77.56,83,16,8.75
Esim,GH,4.8699,-2.2405,78.33,87,69,4.99
Bajil,YE,15.0584,43.2851,82.2,56,1,4.52
Celestún,MX,20.8667,-90.4,70.81,76,12,10.56
Ghātanji,IN,20.1333,78.3167,78.53,66,90,8.08
Sindon,PH,17.0603,122.0151,84.85,70,85,2.53
Tabou,CI,4.423,-7.3528,77.0,87,57,2.8
Atbasar,KZ,51.8,68.3333,23.05,78,100,10.09
Digri,PK,25.1558,69.1113,86.32,9,0,9.71
Grindavik,IS,63.8424,-22.4338,37.87,81,75,23.02
Rafrāf,TN,37.1904,10.1837,57.51,81,100,6.31
Brejo Santo,BR,-7.4933,-38.9872,75.43,64,78,3.62
Florø,NO,61.5996,5.0328,48.9,87,75,26.46
Handan,CN,36.6006,114.4678,56.26,39,18,11.21
Santa Cruz de la Sierra,BO,-17.8,-63.1667,69.26,94,90,14.97
NEDJO,ET,9.5046,35.5019,64.96,71,58,2.13
Camaná,PE,-16.6228,-72.7111,64.08,82,96,6.93
Gorontalo,ID,0.5412,123.0595,85.89,67,100,3.4
Los Llanos de Aridane,ES,28.6585,-17.9182,64.15,75,75,5.01
The Valley,AI,18.217,-63.0578,81.1,73,31,21.36
Abhā,SA,18.2164,42.5053,61.05,51,0,5.75
Narsaq,GL,60.9167,-46.05,8.82,73,2,5.17
Zhangjiakou,CN,40.81,114.8794,37.15,57,24,1.16
San Patricio,US,28.017,-97.5169,73.24,78,0,7.61
Mwanza,TZ,-2.5167,32.9,77.05,57,40,5.75
Serebryansk,KZ,49.6925,83.2892,35.15,81,100,11.1
Tehri,IN,30.3833,78.4833,70.34,39,0,4.18
Nynäshamn,SE,58.9034,17.9479,37.94,82,78,10.96
Mizhhirya,UA,48.5246,23.5056,32.09,77,58,4.88
Bålsta,SE,59.5671,17.5278,39.0,92,77,7.25
Cabra,ES,37.4725,-4.4421,54.66,59,0,7.0
Culpeper,US,38.5004,-77.9664,42.78,77,1,1.99
Araouane,ML,18.9048,-3.5265,76.53,22,97,8.97
Salalah,OM,17.0151,54.0924,80.69,50,0,1.14
Coahuayana Viejo,MX,18.7333,-103.6833,73.22,71,33,4.72
Barstow,US,34.8986,-117.0228,68.31,24,6,1.36
Brandfort,ZA,-28.7001,26.4597,73.45,45,65,13.06
Puerto Escondido,MX,15.85,-97.0667,76.35,63,51,4.18
Deputatsky,RU,69.3,139.9,-5.33,97,100,2.39
Launceston,AU,-41.45,147.1667,54.61,49,75,5.01
Yangjiang,CN,21.85,111.9667,76.95,58,98,8.14
Chitipa,MW,-9.7024,33.2697,79.3,40,5,8.14
Matara,LK,5.9485,80.5353,82.69,79,31,14.41
Ushtobe,KZ,45.2514,77.9838,40.5,52,98,23.04
Bull Savanna,JM,17.8868,-77.5902,74.61,84,100,4.56
Tashtagol,RU,52.7657,87.8894,32.07,93,100,4.18
Ambon City,ID,-3.6954,128.1814,82.53,72,91,4.21
Sola,VU,-13.8833,167.55,82.2,74,99,12.71
Muaná,BR,-1.5283,-49.2167,75.85,90,100,4.94
Sandpoint,US,48.2766,-116.5533,58.55,74,90,8.01
Lakatoro,VU,-16.0999,167.4164,82.54,74,40,9.89
Springbok,ZA,-29.6643,17.8865,77.9,22,55,4.36
Ban Tak,TH,17.0432,99.0813,84.94,68,51,4.29
Atar,MR,20.5169,-13.0499,77.11,34,77,6.55
Sinjār,IQ,36.3209,41.8754,62.56,26,100,3.65
San Quintín,MX,30.4833,-115.95,66.94,49,0,3.74
Iqaluit,CA,63.7506,-68.5145,11.93,85,75,4.61
Krasnyy Chikoy,RU,50.3643,108.7512,36.09,38,57,1.25
Saraland,US,30.8207,-88.0706,50.02,83,0,3.98
Hokitika,NZ,-42.7167,170.9667,56.71,90,100,18.81
Yazoo City,US,32.8551,-90.4056,49.75,70,1,5.64
Kuusamo,FI,65.9667,29.1833,19.44,79,0,9.22
Bariloche,AR,-41.1456,-71.3082,35.35,87,40,4.61
Duiwelskloof,ZA,-23.6934,30.14,65.95,93,100,4.76
Contamana,PE,-7.3333,-75.0167,74.7,80,66,2.77
Luwuk,ID,-0.9516,122.7875,85.42,70,100,2.77
Bud,US,39.447,-86.1758,35.69,80,10,12.03
Naryan-Mar,RU,67.6713,53.087,21.45,85,99,13.04
Mandalī,IQ,33.7499,45.5541,68.79,26,100,6.2
Ozinki,RU,51.1786,49.6769,31.73,93,100,4.81
Phalombe,MW,-15.8064,35.6507,81.55,51,69,4.92
Bosaso,SO,11.2842,49.1816,78.78,83,0,0.0
Lewiston,US,44.1003,-70.2148,44.38,91,75,4.61
Stornoway,GB,58.2093,-6.3865,44.92,93,70,6.91
Batagay,RU,67.6333,134.6333,-19.7,98,99,0.92
Abay,KZ,49.6311,72.8539,26.98,83,100,18.88
Vestmannaeyjar,IS,63.4427,-20.2734,42.17,88,91,22.86
Kotagiri,IN,11.4333,76.8833,64.47,83,89,3.33
Homer,US,59.6425,-151.5483,16.77,75,1,3.44
Port Augusta,AU,-32.5,137.7667,64.71,46,26,20.74
Texarkana,US,33.4251,-94.0477,50.23,84,1,1.01
Shache,CN,38.4167,77.2406,45.82,25,0,0.51
Dzilam González,MX,21.2833,-88.9333,68.83,76,1,5.32
Japura,ID,-0.3167,102.35,92.12,49,99,1.48
Kamaishi,JP,39.2667,141.8833,54.55,62,70,5.93
Likasi,CD,-10.9814,26.7333,71.02,67,89,5.21
Dongsheng,CN,39.8161,109.9776,38.46,30,1,6.29
Half Moon Bay,US,37.4636,-122.4286,64.72,83,1,0.0
Cotonou,BJ,6.3654,2.4183,80.58,89,40,3.44
Tonantins,BR,-2.8731,-67.8022,73.11,99,100,1.25
Vardø,NO,70.3705,31.1107,26.8,70,100,24.96
Kushiro,JP,42.975,144.3747,50.95,40,20,13.8
Chapais,CA,49.7834,-74.8492,26.38,95,80,2.42
Algiers,DZ,36.7525,3.042,53.42,88,75,4.61
Chongwe,ZM,-15.3292,28.682,79.72,45,21,9.33
Sambava,MG,-14.2667,50.1667,81.57,64,1,8.16
Dunda,TZ,-8.1167,34.25,78.24,46,60,4.76
Ijuí,BR,-28.3878,-53.9147,73.42,60,100,7.78
Winnemucca,US,40.973,-117.7357,44.65,70,1,0.0
Mokshan,RU,53.4365,44.6132,32.2,88,100,13.76
Karibib,NA,-21.9333,15.8333,81.07,22,41,2.17
Khani,GE,41.9563,42.9566,38.77,52,100,1.03
Marsh Harbour,BS,26.5412,-77.0636,75.7,73,100,10.16
Namatanai,PG,-3.6667,152.4333,83.86,72,83,8.75
Korla,CN,41.7597,86.1469,40.3,32,59,7.27
Cabo San Lucas,MX,22.8909,-109.9124,79.52,43,7,3.04
Ciudad Valles,MX,21.9833,-99.0167,66.0,92,5,1.66
Port Lincoln,AU,-34.7333,135.8667,58.19,59,96,15.48
Atherton,GB,53.5237,-2.4935,49.42,95,77,3.0
Behshahr,IR,36.6923,53.5526,48.15,56,2,4.65
Agüimes,ES,27.9054,-15.4461,61.43,73,20,6.91
Ayan,RU,56.45,138.1667,13.69,64,100,17.27
Nichinan,JP,31.6,131.3667,67.15,48,45,1.63
Sal Rei,CV,16.1833,-22.9167,72.16,72,95,8.12
Doumé,CM,4.2333,13.45,70.32,95,100,1.16
Weihai,CN,37.5017,122.1136,54.84,55,93,5.5
Saint Lawrence,MT,36.0553,14.204,58.41,72,0,9.62
Paamiut,GL,61.994,-49.6678,8.02,74,0,8.77
Lambaréné,GA,-0.7001,10.2406,73.36,93,79,1.34
Wānkāner,IN,22.6167,70.9333,84.65,20,74,9.57
Kamiiso,JP,41.8167,140.65,46.78,81,75,10.36
Taldan,RU,53.6667,124.8,23.49,47,85,5.26
Naze,JP,28.3667,129.4833,68.92,54,72,13.62
Caucayá,CO,-0.1934,-74.7819,71.33,99,95,2.35
Madurai,IN,9.9333,78.1167,87.82,66,40,3.44
La Grande,US,45.3246,-118.0877,57.06,69,96,8.81
Nouadhibou,MR,20.931,-17.0347,69.78,68,97,6.91
Oistins,BB,13.0667,-59.5333,78.89,78,40,21.85
Amberley,US,39.2048,-84.428,35.69,76,20,4.0
